orden,variable,bloque_tematico,subdimension,rol_analisis,nota_uso
1,codigo,Identificacion,Identificacion territorial,Identificacion,Identificador territorial; no debe entrar en análisis multivariante.
2,nombre,Identificacion,Identificacion territorial,Identificacion,Identificador territorial; no debe entrar en análisis multivariante.
3,Territorio - Superficie distrito [km2],Urbanismo e infraestructuras,Territorio,Suplementaria contextual,Variable contextual/estructural; útil para interpretación o análisis auxiliar.
4,Movilidad y transporte - Paradas EMT [por_km2],Movilidad y transporte,Transporte público,Activa candidata,Variable candidata para PCA/clustering tras estandarización y revisión final de colinealidad.
5,Movilidad y transporte - Turismos [por_1000_hab],Movilidad y transporte,Parque móvil,Activa candidata,Variable candidata para PCA/clustering tras estandarización y revisión final de colinealidad.
6,Movilidad y transporte - Edad media turismos particulares [anos],Movilidad y transporte,Parque móvil,Activa candidata,Variable candidata para PCA/clustering tras estandarización y revisión final de colinealidad.
7,Movilidad y transporte - Superficie aparcamiento por vivienda [m2_vivienda],Movilidad y transporte,Aparcamiento,Activa candidata,Variable candidata para PCA/clustering tras estandarización y revisión final de colinealidad.
8,Movilidad y transporte - Superficie aparcamiento por turismo [m2_turismo],Movilidad y transporte,Aparcamiento,Activa candidata,Variable candidata para PCA/clustering tras estandarización y revisión final de colinealidad.
9,Movilidad y transporte - Aparcamiento publico o de rotacion [por_1000_hab],Movilidad y transporte,Aparcamiento,Activa candidata,Variable candidata para PCA/clustering tras estandarización y revisión final de colinealidad.
10,Movilidad y transporte - Aparcamiento asociado a vados [por_1000_hab],Movilidad y transporte,Aparcamiento,Activa candidata,Variable candidata para PCA/clustering tras estandarización y revisión final de colinealidad.
11,Movilidad y transporte - Itinerarios ciclistas [m_por_km2],Movilidad y transporte,Infraestructura ciclista,Activa candidata,Variable candidata para PCA/clustering tras estandarización y revisión final de colinealidad.
12,Movilidad y transporte - Intensidad media de trafico IMV [actual],Movilidad y transporte,Tráfico y red viaria,Activa candidata,Variable candidata para PCA/clustering tras estandarización y revisión final de colinealidad.
13,Vivienda - Viviendas proteccion publica [% viviendas],Urbanismo e infraestructuras,Vivienda protegida,Activa candidata,Variable candidata para PCA/clustering tras estandarización y revisión final de colinealidad.
14,Politica - Participacion electoral media [%],Politica,Participación electoral,Suplementaria interpretativa,"Variable útil para interpretar perfiles, no recomendada como activa por defecto."
15,Politica - Votos nulos media [% votos emitidos],Politica,Calidad del voto,Suplementaria interpretativa,"Variable útil para interpretar perfiles, no recomendada como activa por defecto."
16,Politica - Votos en blanco media [% votos validos],Politica,Calidad del voto,Suplementaria interpretativa,"Variable útil para interpretar perfiles, no recomendada como activa por defecto."
17,Politica - PP [% votos candidaturas media],Politica,Voto por partidos y candidaturas,Suplementaria interpretativa,"Variable útil para interpretar perfiles, no recomendada como activa por defecto."
18,Politica - PSOE [% votos candidaturas media],Politica,Voto por partidos y candidaturas,Suplementaria interpretativa,"Variable útil para interpretar perfiles, no recomendada como activa por defecto."
19,Politica - Compromis Sumar [% votos candidaturas media],Politica,Voto por partidos y candidaturas,Suplementaria interpretativa,"Variable útil para interpretar perfiles, no recomendada como activa por defecto."
20,Politica - VOX [% votos candidaturas media],Politica,Voto por partidos y candidaturas,Suplementaria interpretativa,"Variable útil para interpretar perfiles, no recomendada como activa por defecto."
21,Politica - Podemos Unides [% votos candidaturas media],Politica,Voto por partidos y candidaturas,Suplementaria interpretativa,"Variable útil para interpretar perfiles, no recomendada como activa por defecto."
22,Politica - Ciudadanos [% votos candidaturas media],Politica,Voto por partidos y candidaturas,Suplementaria interpretativa,"Variable útil para interpretar perfiles, no recomendada como activa por defecto."
23,Politica - Se Acabo La Fiesta [% votos candidaturas media],Politica,Voto por partidos y candidaturas,Suplementaria interpretativa,"Variable útil para interpretar perfiles, no recomendada como activa por defecto."
24,Politica - Otros partidos [% votos candidaturas media],Politica,Voto por partidos y candidaturas,Suplementaria interpretativa,"Variable útil para interpretar perfiles, no recomendada como activa por defecto."
25,Politica - Bloque izquierda PSOE_Compromis_Podemos [% votos candidaturas media],Politica,Bloques ideológicos,Suplementaria interpretativa,"Variable útil para interpretar perfiles, no recomendada como activa por defecto."
26,Politica - Bloque derecha PP_VOX_Cs_SALF [% votos candidaturas media],Politica,Bloques ideológicos,Suplementaria interpretativa,"Variable útil para interpretar perfiles, no recomendada como activa por defecto."
27,Economia - Renta neta media por persona [EUR],Economia,Renta y desigualdad,Activa candidata,Variable candidata para PCA/clustering tras estandarización y revisión final de colinealidad.
28,Economia - Mediana renta por unidad de consumo [EUR],Economia,Renta y desigualdad,Activa candidata,Variable candidata para PCA/clustering tras estandarización y revisión final de colinealidad.
29,Economia - Desigualdad renta Gini [indice],Economia,Renta y desigualdad,Activa candidata,Variable candidata para PCA/clustering tras estandarización y revisión final de colinealidad.
30,Economia - Fuente ingresos salario [%],Economia,Fuentes de ingresos,Activa candidata,Variable candidata para PCA/clustering tras estandarización y revisión final de colinealidad.
31,Economia - Fuente ingresos pensiones [%],Economia,Fuentes de ingresos,Activa candidata,Variable candidata para PCA/clustering tras estandarización y revisión final de colinealidad.
32,Economia - Fuente ingresos prestaciones desempleo [%],Economia,Fuentes de ingresos,Activa candidata,Variable candidata para PCA/clustering tras estandarización y revisión final de colinealidad.
33,Economia - Poblacion ocupada [% 16+],Economia,Mercado laboral,Activa candidata,Variable candidata para PCA/clustering tras estandarización y revisión final de colinealidad.
34,Economia - Poblacion parada [% 16+],Economia,Mercado laboral,Activa candidata,Variable candidata para PCA/clustering tras estandarización y revisión final de colinealidad.
35,Economia - Jubilacion o prejubilacion [% 16+],Economia,Mercado laboral,Activa candidata,Variable candidata para PCA/clustering tras estandarización y revisión final de colinealidad.
36,Economia - Ocupados por cuenta propia [% ocupados],Economia,Mercado laboral,Activa candidata,Variable candidata para PCA/clustering tras estandarización y revisión final de colinealidad.
37,Economia - Ocupados cuenta ajena temporal [% ocupados],Economia,Mercado laboral,Activa candidata,Variable candidata para PCA/clustering tras estandarización y revisión final de colinealidad.
38,Economia - Trabaja en el mismo municipio [% ocupados],Economia,Mercado laboral,Activa candidata,Variable candidata para PCA/clustering tras estandarización y revisión final de colinealidad.
39,Economia - Actividades economicas [por_1000_hab],Economia,Tejido empresarial y actividad económica,Activa candidata,Variable candidata para PCA/clustering tras estandarización y revisión final de colinealidad.
40,Economia - Empresas activas [por_1000_hab],Economia,Tejido empresarial y actividad económica,Activa candidata,Variable candidata para PCA/clustering tras estandarización y revisión final de colinealidad.
41,Economia - Empresas persona juridica [% empresas],Economia,Tejido empresarial y actividad económica,Activa candidata,Variable candidata para PCA/clustering tras estandarización y revisión final de colinealidad.
42,Economia - Empresas industria [% empresas],Economia,Tejido empresarial y actividad económica,Activa candidata,Variable candidata para PCA/clustering tras estandarización y revisión final de colinealidad.
43,Economia - Empresas construccion [% empresas],Economia,Tejido empresarial y actividad económica,Activa candidata,Variable candidata para PCA/clustering tras estandarización y revisión final de colinealidad.
44,Economia - Empresas servicios [% empresas],Economia,Tejido empresarial y actividad económica,Activa candidata,Variable candidata para PCA/clustering tras estandarización y revisión final de colinealidad.
45,Economia - Actividades industriales [por_1000_hab],Economia,Tejido empresarial y actividad económica,Activa candidata,Variable candidata para PCA/clustering tras estandarización y revisión final de colinealidad.
46,Economia - Grado de terciarizacion economica [%],Economia,Tejido empresarial y actividad económica,Activa candidata,Variable candidata para PCA/clustering tras estandarización y revisión final de colinealidad.
47,Economia - Plazas alojamiento turistico reglado [por_1000_hab],Economia,"Turismo, hostelería y terciarización urbana",Activa candidata,Variable candidata para PCA/clustering tras estandarización y revisión final de colinealidad.
48,Economia - Viviendas turisticas [plazas_por_1000_hab],Economia,"Turismo, hostelería y terciarización urbana",Activa candidata,Variable candidata para PCA/clustering tras estandarización y revisión final de colinealidad.
49,Economia - Viviendas turisticas [% viviendas],Economia,"Turismo, hostelería y terciarización urbana",Activa candidata,Variable candidata para PCA/clustering tras estandarización y revisión final de colinealidad.
50,Economia - Oficinas bancarias [por_10000_hab],Economia,Servicios económicos y economía social,Activa candidata,Variable candidata para PCA/clustering tras estandarización y revisión final de colinealidad.
51,Economia - Terrazas hosteleria [por_1000_hab],Economia,"Turismo, hostelería y terciarización urbana",Activa candidata,Variable candidata para PCA/clustering tras estandarización y revisión final de colinealidad.
52,Economia - Terrazas hosteleria superficie [m2_por_1000_hab],Economia,"Turismo, hostelería y terciarización urbana",Activa candidata,Variable candidata para PCA/clustering tras estandarización y revisión final de colinealidad.
53,Economia - Economia social cooperativas y sociedades laborales [por_1000_hab],Economia,Servicios económicos y economía social,Activa candidata,Variable candidata para PCA/clustering tras estandarización y revisión final de colinealidad.
54,Demografia - Crecimiento vegetativo [por_1000_hab],Demografia,Dinámica demográfica y movilidad residencial,Activa candidata,Variable candidata para PCA/clustering tras estandarización y revisión final de colinealidad.
55,Demografia - Personas por hogar [media],Demografia,Estructura de hogares,Activa candidata,Variable candidata para PCA/clustering tras estandarización y revisión final de colinealidad.
56,Demografia - Densidad poblacion [hab_km2],Demografia,Densidad poblacional,Activa candidata,Variable candidata para PCA/clustering tras estandarización y revisión final de colinealidad.
57,Demografia - Variacion interanual poblacion [%],Demografia,Dinámica demográfica y movilidad residencial,Activa candidata,Variable candidata para PCA/clustering tras estandarización y revisión final de colinealidad.
58,Demografia - Edad media [anos],Demografia,Estructura por edad y envejecimiento,Activa candidata,Variable candidata para PCA/clustering tras estandarización y revisión final de colinealidad.
59,Demografia - Esperanza de vida al nacimiento [anos],Demografia,Estructura por edad y envejecimiento,Activa candidata,Variable candidata para PCA/clustering tras estandarización y revisión final de colinealidad.
60,Demografia - Indice estructura poblacion activa,Demografia,Estructura por edad y envejecimiento,Activa candidata,Variable candidata para PCA/clustering tras estandarización y revisión final de colinealidad.
61,Demografia - Poblacion 0-14 [%],Demografia,Estructura por edad y envejecimiento,Activa candidata,Variable candidata para PCA/clustering tras estandarización y revisión final de colinealidad.
62,Demografia - Poblacion 65+ [%],Demografia,Estructura por edad y envejecimiento,Activa candidata,Variable candidata para PCA/clustering tras estandarización y revisión final de colinealidad.
63,Demografia - Nacidos en Valencia [%],Demografia,Origen y población extranjera,Activa candidata,Variable candidata para PCA/clustering tras estandarización y revisión final de colinealidad.
64,Demografia - Poblacion extranjera [% poblacion],Demografia,Origen y población extranjera,Activa candidata,Variable candidata para PCA/clustering tras estandarización y revisión final de colinealidad.
65,Demografia - Edad media poblacion extranjera [anos],Demografia,Estructura por edad y envejecimiento,Activa candidata,Variable candidata para PCA/clustering tras estandarización y revisión final de colinealidad.
66,Demografia - Poblacion extranjera UE27 [% extranjera],Demografia,Origen y población extranjera,Activa candidata,Variable candidata para PCA/clustering tras estandarización y revisión final de colinealidad.
67,Demografia - Poblacion extranjera resto Europa [% extranjera],Demografia,Origen y población extranjera,Activa candidata,Variable candidata para PCA/clustering tras estandarización y revisión final de colinealidad.
68,Demografia - Poblacion extranjera Africa [% extranjera],Demografia,Origen y población extranjera,Activa candidata,Variable candidata para PCA/clustering tras estandarización y revisión final de colinealidad.
69,Demografia - Poblacion extranjera America Norte [% extranjera],Demografia,Origen y población extranjera,Activa candidata,Variable candidata para PCA/clustering tras estandarización y revisión final de colinealidad.
70,Demografia - Poblacion extranjera America Central [% extranjera],Demografia,Origen y población extranjera,Activa candidata,Variable candidata para PCA/clustering tras estandarización y revisión final de colinealidad.
71,Demografia - Poblacion extranjera America Sur [% extranjera],Demografia,Origen y población extranjera,Activa candidata,Variable candidata para PCA/clustering tras estandarización y revisión final de colinealidad.
72,Demografia - Poblacion extranjera Asia [% extranjera],Demografia,Origen y población extranjera,Activa candidata,Variable candidata para PCA/clustering tras estandarización y revisión final de colinealidad.
73,Demografia - Poblacion extranjera otros origenes [% extranjera],Demografia,Origen y población extranjera,Activa candidata,Variable candidata para PCA/clustering tras estandarización y revisión final de colinealidad.
74,Movilidad y transporte - Velocidad maxima media calles [km_h],Movilidad y transporte,Tráfico y red viaria,Activa candidata,Variable candidata para PCA/clustering tras estandarización y revisión final de colinealidad.
75,Movilidad y transporte - Ocupacion via publica incidencias [por_km2],Movilidad y transporte,Ocupación de vía pública,Activa candidata,Variable candidata para PCA/clustering tras estandarización y revisión final de colinealidad.
76,Movilidad y transporte - Ocupacion via publica duracion media [dias],Movilidad y transporte,Ocupación de vía pública,Activa candidata,Variable candidata para PCA/clustering tras estandarización y revisión final de colinealidad.
77,Movilidad y transporte - Ocupacion via publica acera [por_km2],Movilidad y transporte,Ocupación de vía pública,Activa candidata,Variable candidata para PCA/clustering tras estandarización y revisión final de colinealidad.
78,Movilidad y transporte - Ocupacion via publica estacionamiento [por_km2],Movilidad y transporte,Ocupación de vía pública,Activa candidata,Variable candidata para PCA/clustering tras estandarización y revisión final de colinealidad.
79,Movilidad y transporte - Ocupacion via publica calzada [por_km2],Movilidad y transporte,Ocupación de vía pública,Activa candidata,Variable candidata para PCA/clustering tras estandarización y revisión final de colinealidad.
80,Movilidad y transporte - Ocupacion via publica peatonal [por_km2],Movilidad y transporte,Ocupación de vía pública,Activa candidata,Variable candidata para PCA/clustering tras estandarización y revisión final de colinealidad.
81,Movilidad y transporte - ValenBisi anclajes [por_km2],Movilidad y transporte,Bicicleta pública,Activa candidata,Variable candidata para PCA/clustering tras estandarización y revisión final de colinealidad.
82,Movilidad y transporte - ValenBisi anclajes [por_1000_hab],Movilidad y transporte,Bicicleta pública,Activa candidata,Variable candidata para PCA/clustering tras estandarización y revisión final de colinealidad.
83,Demografia - Indice de sobre-envejecimiento [2025],Demografia,Estructura por edad y envejecimiento,Activa candidata,Variable candidata para PCA/clustering tras estandarización y revisión final de colinealidad.
84,Demografia - Indice de envejecimiento [2025],Demografia,Estructura por edad y envejecimiento,Activa candidata,Variable candidata para PCA/clustering tras estandarización y revisión final de colinealidad.
85,Demografia - Hogares con dos menores de 18 anos [%],Demografia,Estructura de hogares,Activa candidata,Variable candidata para PCA/clustering tras estandarización y revisión final de colinealidad.
86,Demografia - Hogares con tres o mas menores de 18 anos [%],Demografia,Estructura de hogares,Activa candidata,Variable candidata para PCA/clustering tras estandarización y revisión final de colinealidad.
87,Demografia - Hogares de 2 personas [%],Demografia,Estructura de hogares,Activa candidata,Variable candidata para PCA/clustering tras estandarización y revisión final de colinealidad.
88,Demografia - Hogares de 5 o mas personas [%],Demografia,Estructura de hogares,Activa candidata,Variable candidata para PCA/clustering tras estandarización y revisión final de colinealidad.
89,Demografia - Hogares solo personas mayores de 64 anos [%],Demografia,Estructura de hogares,Activa candidata,Variable candidata para PCA/clustering tras estandarización y revisión final de colinealidad.
90,Demografia - Hogares solo personas mayores de 79 anos [%],Demografia,Estructura de hogares,Activa candidata,Variable candidata para PCA/clustering tras estandarización y revisión final de colinealidad.
91,Demografia - Hogares unipersonales [%],Demografia,Estructura de hogares,Activa candidata,Variable candidata para PCA/clustering tras estandarización y revisión final de colinealidad.
92,Demografia - Tasa general de fecundidad [2024],Demografia,Dinámica demográfica y movilidad residencial,Activa candidata,Variable candidata para PCA/clustering tras estandarización y revisión final de colinealidad.
93,Demografia - Personas solteras [%],Demografia,Estado civil y composición por sexo,Activa candidata,Variable candidata para PCA/clustering tras estandarización y revisión final de colinealidad.
94,Demografia - Personas casadas [%],Demografia,Estado civil y composición por sexo,Activa candidata,Variable candidata para PCA/clustering tras estandarización y revisión final de colinealidad.
95,Demografia - Personas viudas [%],Demografia,Estado civil y composición por sexo,Activa candidata,Variable candidata para PCA/clustering tras estandarización y revisión final de colinealidad.
96,Demografia - Personas separadas o divorciadas [%],Demografia,Estado civil y composición por sexo,Activa candidata,Variable candidata para PCA/clustering tras estandarización y revisión final de colinealidad.
97,Demografia - Tasa bruta de inmigracion intraurbana [2024],Demografia,Dinámica demográfica y movilidad residencial,Activa candidata,Variable candidata para PCA/clustering tras estandarización y revisión final de colinealidad.
98,Demografia - Tasa bruta de inmigracion interurbana [2024],Demografia,Dinámica demográfica y movilidad residencial,Activa candidata,Variable candidata para PCA/clustering tras estandarización y revisión final de colinealidad.
99,Demografia - Tasa bruta de mortalidad [2024],Demografia,Dinámica demográfica y movilidad residencial,Activa candidata,Variable candidata para PCA/clustering tras estandarización y revisión final de colinealidad.
100,Demografia - Tasa bruta de emigracion intraurbana [2024],Demografia,Dinámica demográfica y movilidad residencial,Activa candidata,Variable candidata para PCA/clustering tras estandarización y revisión final de colinealidad.
101,Demografia - Tasa bruta de emigracion interurbana [2024],Demografia,Dinámica demográfica y movilidad residencial,Activa candidata,Variable candidata para PCA/clustering tras estandarización y revisión final de colinealidad.
102,Demografia - Relacion de masculinidad [hombres_por_100_mujeres],Demografia,Estado civil y composición por sexo,Activa candidata,Variable candidata para PCA/clustering tras estandarización y revisión final de colinealidad.
103,Demografia - Razon de progresividad demografica [2025],Demografia,Estructura por edad y envejecimiento,Activa candidata,Variable candidata para PCA/clustering tras estandarización y revisión final de colinealidad.
104,Innovacion social - Proyectos [por_km2],Sociedad y Bienestar,Innovación social,Activa candidata,Variable candidata para PCA/clustering tras estandarización y revisión final de colinealidad.
105,Innovacion social - Proyectos [por_1000_hab],Sociedad y Bienestar,Innovación social,Activa candidata,Variable candidata para PCA/clustering tras estandarización y revisión final de colinealidad.
106,Edificacion vivienda 2025 residencial | Viviendas [por_1000_hab],Urbanismo e infraestructuras,Parque residencial,Activa candidata,Variable candidata para PCA/clustering tras estandarización y revisión final de colinealidad.
107,Vivienda - Superficie construida media [m2],Urbanismo e infraestructuras,Condiciones residenciales y tamaño de vivienda,Activa candidata,Variable candidata para PCA/clustering tras estandarización y revisión final de colinealidad.
108,Urbanismo - Solares superficie [% superficie distrito],Urbanismo e infraestructuras,Territorio,Activa candidata,Variable candidata para PCA/clustering tras estandarización y revisión final de colinealidad.
109,Urbanismo - Solares valor medio [EUR_m2],Urbanismo e infraestructuras,Valor catastral y valor del suelo,Activa candidata,Variable candidata para PCA/clustering tras estandarización y revisión final de colinealidad.
110,Vivienda - Valor catastral medio por vivienda [EUR],Urbanismo e infraestructuras,Valor catastral y valor del suelo,Activa candidata,Variable candidata para PCA/clustering tras estandarización y revisión final de colinealidad.
111,Vivienda - Valor catastral medio por m2 [EUR_m2],Urbanismo e infraestructuras,Valor catastral y valor del suelo,Activa candidata,Variable candidata para PCA/clustering tras estandarización y revisión final de colinealidad.
112,% centros publicos [actual],Educacion,Titularidad de centros,Activa candidata,Variable candidata para PCA/clustering tras estandarización y revisión final de colinealidad.
113,% centros concertados [actual],Educacion,Titularidad de centros,Activa candidata,Variable candidata para PCA/clustering tras estandarización y revisión final de colinealidad.
114,% centros privados [actual],Educacion,Titularidad de centros,Activa candidata,Variable candidata para PCA/clustering tras estandarización y revisión final de colinealidad.
115,Cultura y ocio - Juegos infantiles superficie [m2_por_km2],Sociedad y Bienestar,"Cultura, ocio y dotaciones recreativas",Activa candidata,Variable candidata para PCA/clustering tras estandarización y revisión final de colinealidad.
116,Medio ambiente - Fuentes [por_km2],Medio Ambiente,Fuentes y agua urbana,Activa candidata,Variable candidata para PCA/clustering tras estandarización y revisión final de colinealidad.
117,Medio ambiente - Fuentes agua filtrada y refrigerada [por_km2],Medio Ambiente,Consumo público y servicios urbanos,Activa candidata,Variable candidata para PCA/clustering tras estandarización y revisión final de colinealidad.
118,Medio ambiente - Zonas acusticamente saturadas [por_km2],Medio Ambiente,Presión acústica urbana,Activa candidata,Variable candidata para PCA/clustering tras estandarización y revisión final de colinealidad.
119,Medio ambiente - Contenedores escombros [por_1000_hab],Medio Ambiente,Residuos y escombros,Activa candidata,Variable candidata para PCA/clustering tras estandarización y revisión final de colinealidad.
120,Bienestar social - Vulnerabilidad equipamientos [indice],Sociedad y Bienestar,Vulnerabilidad social,Activa candidata,Variable candidata para PCA/clustering tras estandarización y revisión final de colinealidad.
121,Bienestar social - Vulnerabilidad demografia [indice],Sociedad y Bienestar,Vulnerabilidad social,Activa candidata,Variable candidata para PCA/clustering tras estandarización y revisión final de colinealidad.
122,Bienestar social - Vulnerabilidad economia [indice],Sociedad y Bienestar,Vulnerabilidad social,Activa candidata,Variable candidata para PCA/clustering tras estandarización y revisión final de colinealidad.
123,Bienestar social - Vulnerabilidad global [indice],Sociedad y Bienestar,Vulnerabilidad social,Activa candidata,Variable candidata para PCA/clustering tras estandarización y revisión final de colinealidad.
124,Bienestar social - Asociaciones discapacidad y enfermedad mental [por_1000_hab],Sociedad y Bienestar,Tejido asociativo,Activa candidata,Variable candidata para PCA/clustering tras estandarización y revisión final de colinealidad.
125,Bienestar social - Asociaciones adicciones [por_1000_hab],Sociedad y Bienestar,Tejido asociativo,Activa candidata,Variable candidata para PCA/clustering tras estandarización y revisión final de colinealidad.
126,Bienestar social - Asociaciones mayores [por_1000_hab],Sociedad y Bienestar,Tejido asociativo,Activa candidata,Variable candidata para PCA/clustering tras estandarización y revisión final de colinealidad.
127,Bienestar social - Asociaciones sintecho [por_1000_hab],Sociedad y Bienestar,Tejido asociativo,Activa candidata,Variable candidata para PCA/clustering tras estandarización y revisión final de colinealidad.
128,Bienestar social - Asociaciones etnicas [por_1000_hab],Sociedad y Bienestar,Tejido asociativo,Activa candidata,Variable candidata para PCA/clustering tras estandarización y revisión final de colinealidad.
129,Bienestar social - Asociaciones poblacion general y participacion social [por_1000_hab],Sociedad y Bienestar,Tejido asociativo,Activa candidata,Variable candidata para PCA/clustering tras estandarización y revisión final de colinealidad.
130,"Bienestar social - Asociaciones culturales, deportivas y recreativas [por_1000_hab]",Sociedad y Bienestar,Tejido asociativo,Activa candidata,Variable candidata para PCA/clustering tras estandarización y revisión final de colinealidad.
131,Bienestar social - Asociaciones profesionales y economicas [por_1000_hab],Sociedad y Bienestar,Tejido asociativo,Activa candidata,Variable candidata para PCA/clustering tras estandarización y revisión final de colinealidad.
132,Bienestar social - Recursos discapacidad fisica [por_1000_hab],Sociedad y Bienestar,Recursos sociales,Activa candidata,Variable candidata para PCA/clustering tras estandarización y revisión final de colinealidad.
133,Bienestar social - Recursos toda la poblacion [por_1000_hab],Sociedad y Bienestar,Recursos sociales,Activa candidata,Variable candidata para PCA/clustering tras estandarización y revisión final de colinealidad.
134,Bienestar social - Recursos conductas adictivas [por_1000_hab],Sociedad y Bienestar,Recursos sociales,Activa candidata,Variable candidata para PCA/clustering tras estandarización y revisión final de colinealidad.
135,Bienestar social - Recursos familia menores y adopciones [por_1000_hab],Sociedad y Bienestar,Recursos sociales,Activa candidata,Variable candidata para PCA/clustering tras estandarización y revisión final de colinealidad.
136,Bienestar social - Recursos inmigracion [por_1000_hab],Sociedad y Bienestar,Recursos sociales,Activa candidata,Variable candidata para PCA/clustering tras estandarización y revisión final de colinealidad.
137,Bienestar social - Recursos enfermedad mental [por_1000_hab],Sociedad y Bienestar,Recursos sociales,Activa candidata,Variable candidata para PCA/clustering tras estandarización y revisión final de colinealidad.
138,Bienestar social - Recursos dependencia [por_1000_hab],Sociedad y Bienestar,Recursos sociales,Activa candidata,Variable candidata para PCA/clustering tras estandarización y revisión final de colinealidad.
139,Bienestar social - Recursos discapacidad [por_1000_hab],Sociedad y Bienestar,Recursos sociales,Activa candidata,Variable candidata para PCA/clustering tras estandarización y revisión final de colinealidad.
140,Bienestar social - Recursos mayores [por_1000_hab],Sociedad y Bienestar,Recursos sociales,Activa candidata,Variable candidata para PCA/clustering tras estandarización y revisión final de colinealidad.
141,Bienestar social - Recursos juventud [por_1000_hab],Sociedad y Bienestar,Recursos sociales,Activa candidata,Variable candidata para PCA/clustering tras estandarización y revisión final de colinealidad.
142,Bienestar social - Recursos mujeres [por_1000_hab],Sociedad y Bienestar,Recursos sociales,Activa candidata,Variable candidata para PCA/clustering tras estandarización y revisión final de colinealidad.
143,Bienestar social - Recursos exclusion social y reinsercion [por_1000_hab],Sociedad y Bienestar,Recursos sociales,Activa candidata,Variable candidata para PCA/clustering tras estandarización y revisión final de colinealidad.
144,Bienestar social - Cheques escolares cobertura poblacion de 0 a 5 anos [%],Sociedad y Bienestar,Ayudas educativas y renta familiar,Activa candidata,Variable candidata para PCA/clustering tras estandarización y revisión final de colinealidad.
145,Bienestar social - Cheques escolares solicitantes [por_1000_hab],Sociedad y Bienestar,Ayudas educativas y renta familiar,Activa candidata,Variable candidata para PCA/clustering tras estandarización y revisión final de colinealidad.
146,Bienestar social - Cheques escolares concedidos sobre solicitudes [%],Sociedad y Bienestar,Ayudas educativas y renta familiar,Activa candidata,Variable candidata para PCA/clustering tras estandarización y revisión final de colinealidad.
147,Bienestar social - Renta familiar media solicitantes cheques escolares [EUR],Sociedad y Bienestar,Ayudas educativas y renta familiar,Activa candidata,Variable candidata para PCA/clustering tras estandarización y revisión final de colinealidad.
148,Pobreza - No puede permitirse movil [%],Sociedad y Bienestar,Pobreza y privación material,Activa candidata,Variable candidata para PCA/clustering tras estandarización y revisión final de colinealidad.
149,Pobreza - No puede afrontar imprevisto 650 EUR [%],Sociedad y Bienestar,Pobreza y privación material,Activa candidata,Variable candidata para PCA/clustering tras estandarización y revisión final de colinealidad.
150,Pobreza - No tiene lavadora [%],Sociedad y Bienestar,Pobreza y privación material,Activa candidata,Variable candidata para PCA/clustering tras estandarización y revisión final de colinealidad.
151,Pobreza - Infantil (2021) Tasa distrito [%],Sociedad y Bienestar,Pobreza y privación material,Activa candidata,Variable candidata para PCA/clustering tras estandarización y revisión final de colinealidad.
152,Medio ambiente - Superficie zonas verdes [m2_hab],Medio Ambiente,Zonas verdes y arbolado,Activa candidata,Variable candidata para PCA/clustering tras estandarización y revisión final de colinealidad.
153,Medio ambiente - Arbolado [por_1000_hab],Medio Ambiente,Zonas verdes y arbolado,Activa candidata,Variable candidata para PCA/clustering tras estandarización y revisión final de colinealidad.
154,Medio ambiente - Ruido ambiental Lden [media],Medio Ambiente,Ruido y contaminación atmosférica,Activa candidata,Variable candidata para PCA/clustering tras estandarización y revisión final de colinealidad.
155,Medio ambiente - NO2 (trafico) [ug_m3_media],Medio Ambiente,Ruido y contaminación atmosférica,Activa candidata,Variable candidata para PCA/clustering tras estandarización y revisión final de colinealidad.
156,Medio ambiente - Contaminacion por particulas PM10_PM2.5 [indice_z],Medio Ambiente,Ruido y contaminación atmosférica,Activa candidata,Variable candidata para PCA/clustering tras estandarización y revisión final de colinealidad.
157,Medio ambiente - Ozono (contaminante secundario) [ug_m3_media],Medio Ambiente,Ruido y contaminación atmosférica,Activa candidata,Variable candidata para PCA/clustering tras estandarización y revisión final de colinealidad.
158,Hechos discriminatorios [por_1000_hab],Seguridad y convivencia,Hechos discriminatorios y convivencia,Activa candidata,Variable candidata para PCA/clustering tras estandarización y revisión final de colinealidad.
159,Hechos discriminatorios - Discriminación étnico-cultural y racial [por_1000_hab],Seguridad y convivencia,Hechos discriminatorios y convivencia,Activa candidata,Variable candidata para PCA/clustering tras estandarización y revisión final de colinealidad.
160,Hechos discriminatorios - Intolerancia religiosa [por_1000_hab],Seguridad y convivencia,Hechos discriminatorios y convivencia,Activa candidata,Variable candidata para PCA/clustering tras estandarización y revisión final de colinealidad.
161,Hechos discriminatorios - Capacitismo [por_1000_hab],Seguridad y convivencia,Hechos discriminatorios y convivencia,Activa candidata,Variable candidata para PCA/clustering tras estandarización y revisión final de colinealidad.
162,Hechos discriminatorios - Discriminación por sexo-género y diversidad sexual [por_1000_hab],Seguridad y convivencia,Hechos discriminatorios y convivencia,Activa candidata,Variable candidata para PCA/clustering tras estandarización y revisión final de colinealidad.
163,Hechos discriminatorios - Aporofobia [por_1000_hab],Seguridad y convivencia,Hechos discriminatorios y convivencia,Activa candidata,Variable candidata para PCA/clustering tras estandarización y revisión final de colinealidad.
164,Hechos discriminatorios - Ideologia [por_1000_hab],Seguridad y convivencia,Hechos discriminatorios y convivencia,Activa candidata,Variable candidata para PCA/clustering tras estandarización y revisión final de colinealidad.
165,Hechos discriminatorios - Interseccional [por_1000_hab],Seguridad y convivencia,Hechos discriminatorios y convivencia,Activa candidata,Variable candidata para PCA/clustering tras estandarización y revisión final de colinealidad.
166,Hechos discriminatorios - Edadismo [por_1000_hab],Seguridad y convivencia,Hechos discriminatorios y convivencia,Activa candidata,Variable candidata para PCA/clustering tras estandarización y revisión final de colinealidad.
167,Urbanismo - PAA proyectos [por_km2],Urbanismo e infraestructuras,"Suelo urbano, parcelas y actuaciones urbanísticas",Activa candidata,Variable candidata para PCA/clustering tras estandarización y revisión final de colinealidad.
168,Urbanismo - PAA superficie [% superficie distrito],Urbanismo e infraestructuras,Territorio,Activa candidata,Variable candidata para PCA/clustering tras estandarización y revisión final de colinealidad.
169,Centros educativos [por_km2],Educacion,Infraestructura y accesibilidad educativa,Activa candidata,Variable candidata para PCA/clustering tras estandarización y revisión final de colinealidad.
170,Centros educativos [por_1000_hab],Educacion,Infraestructura y accesibilidad educativa,Activa candidata,Variable candidata para PCA/clustering tras estandarización y revisión final de colinealidad.
171,Bancos en via publica [por_km2],Urbanismo e infraestructuras,Espacio público urbano,Activa candidata,Variable candidata para PCA/clustering tras estandarización y revisión final de colinealidad.
172,Puntos WiFi [por_km2],Sociedad y Bienestar,Acceso digital,Activa candidata,Variable candidata para PCA/clustering tras estandarización y revisión final de colinealidad.
173,Puntos WiFi [por_1000_hab],Sociedad y Bienestar,Acceso digital,Activa candidata,Variable candidata para PCA/clustering tras estandarización y revisión final de colinealidad.
174,Cultura y ocio - Zonas de actividades [por_km2],Sociedad y Bienestar,"Cultura, ocio y dotaciones recreativas",Activa candidata,Variable candidata para PCA/clustering tras estandarización y revisión final de colinealidad.
175,Cultura y ocio - Clubs federados [por_1000_hab],Sociedad y Bienestar,"Cultura, ocio y dotaciones recreativas",Activa candidata,Variable candidata para PCA/clustering tras estandarización y revisión final de colinealidad.
176,Colecaminos - tramos [por_km2],Educacion,Infraestructura y accesibilidad educativa,Activa candidata,Variable candidata para PCA/clustering tras estandarización y revisión final de colinealidad.
177,Colecaminos - tramos [por_1000_hab],Educacion,Infraestructura y accesibilidad educativa,Activa candidata,Variable candidata para PCA/clustering tras estandarización y revisión final de colinealidad.
178,Seguridad y convivencia - Hidrantes [por_km2],Seguridad y convivencia,Infraestructura de emergencia,Activa candidata,Variable candidata para PCA/clustering tras estandarización y revisión final de colinealidad.
179,Manzanas catastrales [por_km2],Urbanismo e infraestructuras,"Suelo urbano, parcelas y actuaciones urbanísticas",Activa candidata,Variable candidata para PCA/clustering tras estandarización y revisión final de colinealidad.
180,Anuario 2021 vivienda | establecimiento colectivo [% distrito],Urbanismo e infraestructuras,Condiciones residenciales y tamaño de vivienda,Activa candidata,Variable candidata para PCA/clustering tras estandarización y revisión final de colinealidad.
181,Anuario 2021 vivienda | superficie por ocupante <20m2 [% distrito],Urbanismo e infraestructuras,Condiciones residenciales y tamaño de vivienda,Activa candidata,Variable candidata para PCA/clustering tras estandarización y revisión final de colinealidad.
182,Anuario 2021 vivienda | superficie por ocupante 80+m2 [% distrito],Urbanismo e infraestructuras,Condiciones residenciales y tamaño de vivienda,Activa candidata,Variable candidata para PCA/clustering tras estandarización y revisión final de colinealidad.
183,Padron 2025 | Poblacion,Auxiliar,Denominador poblacional,Auxiliar,Variable denominadora o auxiliar; no debe entrar como activa en PCA/clustering.
184,Padron 2025 titulacion 18+ | No sabe leer ni escribir [%],Educacion,Nivel educativo de la población adulta,Activa candidata,Variable candidata para PCA/clustering tras estandarización y revisión final de colinealidad.
185,Padron 2025 titulacion 18+ | Inferior a graduado escolar [%],Educacion,Nivel educativo de la población adulta,Activa candidata,Variable candidata para PCA/clustering tras estandarización y revisión final de colinealidad.
186,Padron 2025 titulacion 18+ | Graduado escolar o equivalente [%],Educacion,Nivel educativo de la población adulta,Activa candidata,Variable candidata para PCA/clustering tras estandarización y revisión final de colinealidad.
187,Padron 2025 titulacion 18+ | Bachiller FP2 o superior [%],Educacion,Nivel educativo de la población adulta,Activa candidata,Variable candidata para PCA/clustering tras estandarización y revisión final de colinealidad.
188,Edificacion vivienda 2024 venta trimestral | Precio medio anual [EUR_m2],Urbanismo e infraestructuras,Mercado residencial,Activa candidata,Variable candidata para PCA/clustering tras estandarización y revisión final de colinealidad.
189,Edificacion vivienda 2024 venta trimestral | Esfuerzo financiero medio [%],Urbanismo e infraestructuras,Mercado residencial,Activa candidata,Variable candidata para PCA/clustering tras estandarización y revisión final de colinealidad.
190,Edificacion vivienda 2024 venta trimestral | Crecimiento anual compuesto medio [%],Urbanismo e infraestructuras,Mercado residencial,Activa candidata,Variable candidata para PCA/clustering tras estandarización y revisión final de colinealidad.
191,Edificacion vivienda 2024 alquiler idealista | Precio medio anual [EUR_m2_mes],Urbanismo e infraestructuras,Mercado residencial,Activa candidata,Variable candidata para PCA/clustering tras estandarización y revisión final de colinealidad.
192,Edificacion vivienda 2023 alquiler | Viviendas alquiladas [por_1000_hab],Urbanismo e infraestructuras,Mercado residencial,Activa candidata,Variable candidata para PCA/clustering tras estandarización y revisión final de colinealidad.
193,Edificacion vivienda 2024 licencias construccion | Viviendas [por_1000_hab],Urbanismo e infraestructuras,"Licencias, construcción y rehabilitación",Activa candidata,Variable candidata para PCA/clustering tras estandarización y revisión final de colinealidad.
194,Edificacion vivienda 2024 licencias construccion | Aparcamientos [por_1000_hab],Urbanismo e infraestructuras,"Licencias, construcción y rehabilitación",Activa candidata,Variable candidata para PCA/clustering tras estandarización y revisión final de colinealidad.
195,Edificacion vivienda 2024 licencias construccion | Industrial/comercial [por_1000_hab],Urbanismo e infraestructuras,"Licencias, construcción y rehabilitación",Activa candidata,Variable candidata para PCA/clustering tras estandarización y revisión final de colinealidad.
196,Edificacion vivienda 2024 licencias construccion | Edificios [por_1000_hab],Urbanismo e infraestructuras,"Licencias, construcción y rehabilitación",Activa candidata,Variable candidata para PCA/clustering tras estandarización y revisión final de colinealidad.
197,Edificacion vivienda 2024 licencias construccion | Viviendas con licencia [por_1000_hab],Urbanismo e infraestructuras,"Licencias, construcción y rehabilitación",Activa candidata,Variable candidata para PCA/clustering tras estandarización y revisión final de colinealidad.
198,Edificacion vivienda 2024 licencias construccion | Garajes con licencia [por_1000_hab],Urbanismo e infraestructuras,"Licencias, construcción y rehabilitación",Activa candidata,Variable candidata para PCA/clustering tras estandarización y revisión final de colinealidad.
199,Edificacion vivienda 2024 rehabilitacion | Integral [por_1000_hab],Urbanismo e infraestructuras,"Licencias, construcción y rehabilitación",Activa candidata,Variable candidata para PCA/clustering tras estandarización y revisión final de colinealidad.
200,Edificacion vivienda 2024 rehabilitacion | Parcial [por_1000_hab],Urbanismo e infraestructuras,"Licencias, construcción y rehabilitación",Activa candidata,Variable candidata para PCA/clustering tras estandarización y revisión final de colinealidad.
201,Edificacion vivienda 2025 inmuebles uso | Almacen/aparcamiento [por_1000_hab],Urbanismo e infraestructuras,Usos del inmueble y aparcamiento edificado,Activa candidata,Variable candidata para PCA/clustering tras estandarización y revisión final de colinealidad.
202,Edificacion vivienda 2025 residencial antiguedad | Edad media [anos],Urbanismo e infraestructuras,Antigüedad residencial,Activa candidata,Variable candidata para PCA/clustering tras estandarización y revisión final de colinealidad.
203,Edificacion vivienda 2025 valor catastral tramos | Bajo <=18k [%],Urbanismo e infraestructuras,Valor catastral y valor del suelo,Activa candidata,Variable candidata para PCA/clustering tras estandarización y revisión final de colinealidad.
204,Edificacion vivienda 2025 valor catastral tramos | Alto >60k [%],Urbanismo e infraestructuras,Valor catastral y valor del suelo,Activa candidata,Variable candidata para PCA/clustering tras estandarización y revisión final de colinealidad.
205,Edificacion vivienda 2025 aparcamientos | Superficie total [m2],Urbanismo e infraestructuras,Usos del inmueble y aparcamiento edificado,Activa candidata,Variable candidata para PCA/clustering tras estandarización y revisión final de colinealidad.
206,Recursos municipales 2024 | Sugerencias quejas y reclamaciones [%],Sociedad y Bienestar,Relación ciudadanía-administración,Activa candidata,Variable candidata para PCA/clustering tras estandarización y revisión final de colinealidad.
207,Policia local - Trafico y movilidad [por_1000_hab],Seguridad y convivencia,Policía local,Activa candidata,Variable candidata para PCA/clustering tras estandarización y revisión final de colinealidad.
208,Policia local - Seguridad y vigilancia [por_1000_hab],Seguridad y convivencia,Policía local,Activa candidata,Variable candidata para PCA/clustering tras estandarización y revisión final de colinealidad.
209,Policia local - Control administrativo y espacio publico [por_1000_hab],Seguridad y convivencia,Policía local,Activa candidata,Variable candidata para PCA/clustering tras estandarización y revisión final de colinealidad.
210,Policia local - Atencion e incidencias humanitario-riesgo [por_1000_hab],Seguridad y convivencia,Policía local,Activa candidata,Variable candidata para PCA/clustering tras estandarización y revisión final de colinealidad.
211,Bomberos - Rescate y asistencia [por_1000_hab],Seguridad y convivencia,Bomberos y emergencias,Activa candidata,Variable candidata para PCA/clustering tras estandarización y revisión final de colinealidad.
212,Bomberos - Incendios y alertas de riesgo [por_1000_hab],Seguridad y convivencia,Bomberos y emergencias,Activa candidata,Variable candidata para PCA/clustering tras estandarización y revisión final de colinealidad.
213,Consumo publico - Agua [litros_hab_dia],Medio Ambiente,Consumo público y servicios urbanos,Activa candidata,Variable candidata para PCA/clustering tras estandarización y revisión final de colinealidad.
214,Consumo publico - Alumbrado publico [kWh_por_km2],Medio Ambiente,Consumo público y servicios urbanos,Activa candidata,Variable candidata para PCA/clustering tras estandarización y revisión final de colinealidad.
215,Consumo publico - Pasos inferiores potencia instalada [kW_por_km2],Medio Ambiente,Consumo público y servicios urbanos,Activa candidata,Variable candidata para PCA/clustering tras estandarización y revisión final de colinealidad.
216,Consumo publico - Monumentos potencia instalada [kW_por_km2],Medio Ambiente,Consumo público y servicios urbanos,Activa candidata,Variable candidata para PCA/clustering tras estandarización y revisión final de colinealidad.
217,Educacion - Alumnado infantil [por_1000_hab],Educacion,Alumnado infantil,Activa candidata,Variable candidata para PCA/clustering tras estandarización y revisión final de colinealidad.
218,Educacion - Alumnado publico infantil [%],Educacion,Alumnado infantil,Activa candidata,Variable candidata para PCA/clustering tras estandarización y revisión final de colinealidad.
219,Educacion - Alumnado extranjero infantil [%],Educacion,Alumnado infantil,Activa candidata,Variable candidata para PCA/clustering tras estandarización y revisión final de colinealidad.
220,Educacion - Alumnado por unidad infantil [media],Educacion,Alumnado infantil,Activa candidata,Variable candidata para PCA/clustering tras estandarización y revisión final de colinealidad.
221,Educacion - Alumnado primaria [por_1000_hab],Educacion,Alumnado primaria,Activa candidata,Variable candidata para PCA/clustering tras estandarización y revisión final de colinealidad.
222,Educacion - Alumnado publico primaria [%],Educacion,Alumnado primaria,Activa candidata,Variable candidata para PCA/clustering tras estandarización y revisión final de colinealidad.
223,Educacion - Alumnado extranjero primaria [%],Educacion,Alumnado primaria,Activa candidata,Variable candidata para PCA/clustering tras estandarización y revisión final de colinealidad.
224,Educacion - Alumnado por unidad primaria [media],Educacion,Alumnado primaria,Activa candidata,Variable candidata para PCA/clustering tras estandarización y revisión final de colinealidad.
225,Educacion - Alumnado ESO [por_1000_hab],Educacion,Alumnado ESO,Activa candidata,Variable candidata para PCA/clustering tras estandarización y revisión final de colinealidad.
226,Educacion - Alumnado publico ESO [%],Educacion,Alumnado ESO,Activa candidata,Variable candidata para PCA/clustering tras estandarización y revisión final de colinealidad.
227,Educacion - Alumnado extranjero ESO [%],Educacion,Alumnado ESO,Activa candidata,Variable candidata para PCA/clustering tras estandarización y revisión final de colinealidad.
228,Educacion - Alumnado por unidad ESO [media],Educacion,Alumnado ESO,Activa candidata,Variable candidata para PCA/clustering tras estandarización y revisión final de colinealidad.
229,Educacion - Alumnado bachillerato [por_1000_hab],Educacion,Alumnado bachillerato,Activa candidata,Variable candidata para PCA/clustering tras estandarización y revisión final de colinealidad.
230,Educacion - Alumnado publico bachillerato [%],Educacion,Alumnado bachillerato,Activa candidata,Variable candidata para PCA/clustering tras estandarización y revisión final de colinealidad.
231,Educacion - Alumnado extranjero bachillerato [%],Educacion,Alumnado bachillerato,Activa candidata,Variable candidata para PCA/clustering tras estandarización y revisión final de colinealidad.
232,Educacion - Alumnado por unidad bachillerato [media],Educacion,Alumnado bachillerato,Activa candidata,Variable candidata para PCA/clustering tras estandarización y revisión final de colinealidad.
233,Educacion - Alumnado FP grado medio [por_1000_hab],Educacion,Alumnado FP grado medio,Activa candidata,Variable candidata para PCA/clustering tras estandarización y revisión final de colinealidad.
234,Educacion - Alumnado publico FP grado medio [%],Educacion,Alumnado FP grado medio,Activa candidata,Variable candidata para PCA/clustering tras estandarización y revisión final de colinealidad.
235,Educacion - Alumnado extranjero FP grado medio [%],Educacion,Alumnado FP grado medio,Activa candidata,Variable candidata para PCA/clustering tras estandarización y revisión final de colinealidad.
236,Educacion - Alumnado por unidad FP grado medio [media],Educacion,Alumnado FP grado medio,Activa candidata,Variable candidata para PCA/clustering tras estandarización y revisión final de colinealidad.
237,Educacion - Alumnado FP grado superior [por_1000_hab],Educacion,Alumnado FP grado superior,Activa candidata,Variable candidata para PCA/clustering tras estandarización y revisión final de colinealidad.
238,Educacion - Alumnado publico FP grado superior [%],Educacion,Alumnado FP grado superior,Activa candidata,Variable candidata para PCA/clustering tras estandarización y revisión final de colinealidad.
239,Educacion - Alumnado extranjero FP grado superior [%],Educacion,Alumnado FP grado superior,Activa candidata,Variable candidata para PCA/clustering tras estandarización y revisión final de colinealidad.
240,Educacion - Alumnado por unidad FP grado superior [media],Educacion,Alumnado FP grado superior,Activa candidata,Variable candidata para PCA/clustering tras estandarización y revisión final de colinealidad.
241,Educacion - PAU media [nota],Educacion,Resultados PAU,Activa candidata,Variable candidata para PCA/clustering tras estandarización y revisión final de colinealidad.
242,Educacion - PAU alumnado apto [%],Educacion,Resultados PAU,Activa candidata,Variable candidata para PCA/clustering tras estandarización y revisión final de colinealidad.
243,Educacion - PAU diferencia expediente-PAU [nota],Educacion,Resultados PAU,Activa candidata,Variable candidata para PCA/clustering tras estandarización y revisión final de colinealidad.
244,Educacion - PAU alumnado presentado sobre matriculado [%],Educacion,Resultados PAU,Activa candidata,Variable candidata para PCA/clustering tras estandarización y revisión final de colinealidad.
245,Vivienda - Viviendas super recientes menos de 10 anos [%],Urbanismo e infraestructuras,Antigüedad residencial,Activa candidata,Variable candidata para PCA/clustering tras estandarización y revisión final de colinealidad.
246,Vivienda - Viviendas recientes menos de 25 anos [%],Urbanismo e infraestructuras,Antigüedad residencial,Activa candidata,Variable candidata para PCA/clustering tras estandarización y revisión final de colinealidad.
247,Vivienda - Viviendas antiguas mas de 50 anos [%],Urbanismo e infraestructuras,Antigüedad residencial,Activa candidata,Variable candidata para PCA/clustering tras estandarización y revisión final de colinealidad.
248,Vivienda - Viviendas historicas mas de 100 anos aprox [%],Urbanismo e infraestructuras,Antigüedad residencial,Activa candidata,Variable candidata para PCA/clustering tras estandarización y revisión final de colinealidad.
249,Vivienda - Superficie construida muy pequena <=60m2 [%],Urbanismo e infraestructuras,Condiciones residenciales y tamaño de vivienda,Activa candidata,Variable candidata para PCA/clustering tras estandarización y revisión final de colinealidad.
250,Vivienda - Superficie construida muy grande >200m2 [%],Urbanismo e infraestructuras,Condiciones residenciales y tamaño de vivienda,Activa candidata,Variable candidata para PCA/clustering tras estandarización y revisión final de colinealidad.
251,Edificacion vivienda 2025 inmuebles uso | Actividad economica no residencial [por_1000_hab],Urbanismo e infraestructuras,Usos del inmueble y aparcamiento edificado,Activa candidata,Variable candidata para PCA/clustering tras estandarización y revisión final de colinealidad.
252,Urbanismo - Parcelas urbanas pequenas <=500m2 [por_100_hab],Urbanismo e infraestructuras,"Suelo urbano, parcelas y actuaciones urbanísticas",Activa candidata,Variable candidata para PCA/clustering tras estandarización y revisión final de colinealidad.
253,Urbanismo - Parcelas urbanas medianas 501_10000m2 [por_100_hab],Urbanismo e infraestructuras,"Suelo urbano, parcelas y actuaciones urbanísticas",Activa candidata,Variable candidata para PCA/clustering tras estandarización y revisión final de colinealidad.
254,Urbanismo - Parcelas urbanas grandes >10000m2 [por_100_hab],Urbanismo e infraestructuras,"Suelo urbano, parcelas y actuaciones urbanísticas",Activa candidata,Variable candidata para PCA/clustering tras estandarización y revisión final de colinealidad.
255,Urbanismo - Parcelas urbanas superficie [m2_hab],Urbanismo e infraestructuras,"Suelo urbano, parcelas y actuaciones urbanísticas",Activa candidata,Variable candidata para PCA/clustering tras estandarización y revisión final de colinealidad.
256,Vivienda - Peso del valor del suelo sobre valor catastral total [%],Urbanismo e infraestructuras,Valor catastral y valor del suelo,Activa candidata,Variable candidata para PCA/clustering tras estandarización y revisión final de colinealidad.
257,Demografia - Movilidad residencial total entradas+salidas [por_1000_hab],Demografia,Dinámica demográfica y movilidad residencial,Activa candidata,Variable candidata para PCA/clustering tras estandarización y revisión final de colinealidad.
258,Demografia - Balance residencial neto entradas-salidas [por_1000_hab],Demografia,Dinámica demográfica y movilidad residencial,Activa candidata,Variable candidata para PCA/clustering tras estandarización y revisión final de colinealidad.
259,Recursos municipales - Dotacion municipal construida [m2_por_1000_hab],Urbanismo e infraestructuras,Patrimonio y dotación municipal,Activa candidata,Variable candidata para PCA/clustering tras estandarización y revisión final de colinealidad.
260,Recursos municipales - Valor patrimonial municipal [EUR_por_1000_hab],Urbanismo e infraestructuras,Patrimonio y dotación municipal,Activa candidata,Variable candidata para PCA/clustering tras estandarización y revisión final de colinealidad.
